{
  "graphify-in\\kepei-app.js": 1776768542.7330399,
  "graphify-in\\Kepei-CA-Admin-Guide.md": 1776768553.2178295,
  "graphify-in\\Kepei-Client-Orientation.md": 1776768553.413396,
  "graphify-in\\Kepei-Deep-Dive.md": 1776768554.396029,
  "graphify-in\\Kepei-Features.md": 1776768554.653144,
  "graphify-in\\Kepei-Pitch-Deck.md": 1776768554.727212,
  "graphify-in\\Kepei-Problems-Solutions.md": 1776768554.9280772,
  "graphify-in\\kepei-sections.md": 1776768542.7463615
}